Plate,1,2,3
Dish 1,57.70658947172619,58.05300841039541,57.993730955924036
Dish 2,57.449440746350625,57.32016634778912,57.07202093076814
Dish 3,54.366771741248584,54.79951570471939,54.81904861553996
Dish 4,54.558809028649286,54.973525068127216,54.97513972802897
Dish 5,57.76225621389434,58.088089489850994,57.98281809075584
Dish 6,53.93917853599773,54.59770441379677,54.612867152069164
