Plate,1,2,3
Dish 1,10.391137429365328,10.35048409331809,10.310815045679709
Dish 2,11.39417427627708,11.139259806288475,11.042850674475567
Dish 3,9.391410427981741,9.340587891081398,9.343473049125794
Dish 4,9.290550834248403,9.227353165833454,9.221930640316849
Dish 5,10.434763088190397,10.344230489669348,10.294344235943594
Dish 6,9.330998162085052,9.3338773679296,9.333269424041863
